Institution,Year,RBG_Total,Additional RSP,RBG_Base,State,Completions,Base_RBG_per_Completion
Curtin University,2020,48012801,0.0,48012801.0,Western Australia,9787,4905.773066312456
Curtin University,2021,72099626,22998453.124,49101172.876,Western Australia,10076,4873.081865422787
Curtin University,2022,50218883,0.0,50218883.0,Western Australia,10225,4911.382200488997
Curtin University,2023,50684099,0.0,50684099.0,Western Australia,10255,4942.379229644076
Curtin University,2024,54457752,0.0,54457752.0,Western Australia,11834,4601.804292715903
Queensland University of Technology,2020,52474025,0.0,52474025.0,Queensland,10943,4795.213835328521
Queensland University of Technology,2021,72857176,21165286.708,51691889.291999996,Queensland,12200,4237.040105901639
Queensland University of Technology,2022,48384663,0.0,48384663.0,Queensland,11361,4258.838394507526
Queensland University of Technology,2023,52786093,0.0,52786093.0,Queensland,10535,5010.545135263407
Queensland University of Technology,2024,56855908,0.0,56855908.0,Queensland,11488,4949.156337047354
University of Technology Sydney,2020,33010743,0.0,33010743.0,New South Wales,11960,2760.095568561873
University of Technology Sydney,2021,54204501,18037468.161,36167032.839,New South Wales,8411,4299.9682367138275
University of Technology Sydney,2022,42575185,0.0,42575185.0,New South Wales,11273,3776.739554688193
University of Technology Sydney,2023,44449378,0.0,44449378.0,New South Wales,10453,4252.308236869798
University of Technology Sydney,2024,47084992,0.0,47084992.0,New South Wales,12318,3822.4542945283324
